,Series,Contestant,Points Per Task,Total Points,Total Tasks,Percentage of Total Points Won,Total Episodes,Total Points In Series,Total Prize Task Points,Prize Task Points Per Ep,% of Points From Prize Tasks,Subjective Task Points,Subjective Tasks,Percentage of subjective tasks in show,Subjective Task Average Score,Subjective Points Not Including Prize Tasks,% of Points From Subjective Tasks,Objective Task Points,Objective Tasks,Objective Task Average Score,% of points from objective tasks,Fastest Wins Tasks,"Points from ""Fastest Wins"" Tasks",Points Per Fastest Wins Task,Fastest Wins Task Wins,Difference Between Subjective and Objective Task Scores,Average Point Total Excluding Live Tasks,Average Point Total Excluding Prize Tasks,Total Live Task Points,Live Task Points Per Ep,Live Task Wins (Solo),Live Solo Tasks,Percentage of Live Tasks Won,% of points from Live Tasks,% of points from studio tasks (prize and live),Total Studio Points,Points Scored In Studio Per Episode,Total Bonus Points,Total Episode Wins,Gender,Points Per Subjective Task Per Series,Total Subjective Points in Series,Predicted Total Subjective Points In Series,Date of birth,Star sign,First ep of series broadcast date,Age at first show broadcast date,Seat Position,Height in cm,Syllables in name,Number of Times They Said Fuck,Points Scored In Studio,Number of tasks in Studio,Points Per Studio Task
1,1,Frank Skinner,2.91,93,32,21.33%,6,436,21,3.50,22.58%,35,11,34.38%,3.18,2.80,37.63%,58,21,2.76,62.37%,7,18,2.57,0,0.42,3.00,2.77,15,2.50,0,6,0.00%,16.13%,38.71%,36,6.00,0,2,M,2.84,156,162.5,28-Jan-1957,Aquarius,28-Jul-2015,58,1,178,3,0,42,14,3.00
2,1,Josh Widdicombe,2.94,94,32,21.56%,6,436,18,3.00,19.15%,31,11,34.38%,2.82,2.60,32.98%,63,21,3.00,67.02%,7,21,3.00,2,-0.18,3.00,2.92,16,2.67,1,6,16.67%,17.02%,36.17%,34,5.67,1,2,M,2.84,156,162.5,08-Apr-1983,Aries,28-Jul-2015,32,2,169,4,6,44,14,3.14
3,1,Roisin Conaty,2.13,68,32,15.60%,6,436,10,1.67,14.71%,21,11,34.38%,1.91,2.20,30.88%,47,21,2.24,69.12%,7,17,2.43,1,-0.33,2.08,2.23,14,2.33,2,6,33.33%,20.59%,35.29%,24,4.00,0,1,F,2.84,156,162.5,26-Mar-1979,Aries,28-Jul-2015,36,3,173,5,1,30,14,2.14
4,1,Romesh Ranganathan,2.91,93,32,21.33%,6,436,16,2.67,17.20%,32,11,34.38%,2.91,3.20,34.41%,61,21,2.90,65.59%,7,16,2.29,1,0.00,2.88,2.96,18,3.00,0,6,0.00%,19.35%,36.56%,34,5.67,0,0,M,2.84,156,162.5,27-Mar-1978,Aries,28-Jul-2015,37,4,182,6,10,40,14,2.86
5,1,Tim Key,2.75,88,32,20.18%,6,436,25,4.17,28.41%,37,11,34.38%,3.36,2.40,42.05%,51,21,2.43,57.95%,7,15,2.14,1,0.94,2.73,2.42,17,2.83,2,6,33.33%,19.32%,47.73%,42,7.00,0,1,M,2.84,156,162.5,02-Sep-1976,Virgo,28-Jul-2015,38,5,177.8,2,4,44,14,3.14
6,2,Doc Brown,2.79,78,28,18.71%,5,417,17,3.40,21.79%,35,12,42.86%,2.92,2.57,44.87%,43,16,2.69,55.13%,7,9,1.29,0,0.23,2.48,2.65,21,4.20,1,5,20.00%,26.92%,48.72%,38,7.60,1,1,M,3.02,181,175,21-Sep-1977,Virgo,21-Jun-2016,38,1,170,2,10,41,11,3.73
7,2,Joe Wilkinson,2.46,69,28,16.55%,5,417,17,3.40,24.64%,35,12,42.86%,2.92,2.57,50.72%,34,16,2.13,49.28%,7,10,1.43,1,0.79,2.48,2.26,12,2.40,0,5,0.00%,17.39%,42.03%,29,5.80,1,0,M,3.02,181,175,02-May-1975,Taurus,21-Jun-2016,41,2,180.5,4,4,31,11,2.82
8,2,Jon Richardson,3.21,90,28,21.58%,5,417,14,2.80,15.56%,34,12,42.86%,2.83,2.86,37.78%,56,16,3.50,62.22%,7,24,3.43,2,-0.67,3.26,3.30,15,3.00,1,5,20.00%,16.67%,32.22%,29,5.80,0,1,M,3.02,181,175,26-Sep-1982,Libra,21-Jun-2016,33,3,173,4,6,30,11,2.73
9,2,Katherine Ryan,3.36,94,28,22.54%,5,417,17,3.40,18.09%,41,12,42.86%,3.42,3.43,43.62%,53,16,3.31,56.38%,7,17,2.43,1,0.10,3.00,3.35,25,5.00,1,5,20.00%,26.60%,44.68%,42,8.40,1,1,F,3.02,181,175,30-Jun-1983,Cancer,21-Jun-2016,32,4,168,4,3,46,11,4.18
10,2,Richard Osman,3.07,86,28,20.62%,5,417,11,2.20,12.79%,36,12,42.86%,3.00,3.57,41.86%,50,16,3.13,58.14%,7,32,4.57,4,-0.13,3.00,3.26,17,3.40,2,5,40.00%,19.77%,32.56%,28,5.60,0,2,M,3.02,181,175,28-Nov-1970,Sagittarius,21-Jun-2016,45,5,200,4,2,33,11,3.00
11,3,Al Murray,2.96,80,27,20.73%,5,386,14,2.80,17.50%,34,12,44.44%,2.83,2.86,42.50%,46,15,3.07,57.50%,4,11,2.75,2,-0.23,3.05,3.00,13,2.60,2,5,40.00%,16.25%,33.75%,27,5.40,0,1,M,2.93,176,177.5,10-May-1968,Taurus,04-Oct-2016,48,1,191,3,1,30,11,2.73
12,3,Dave Gorman,3.00,81,27,20.98%,5,386,17,3.40,20.99%,43,12,44.44%,3.58,3.71,53.09%,38,15,2.53,46.91%,4,10,2.50,0,1.05,3.09,2.91,13,2.60,0,5,0.00%,16.05%,37.04%,30,6.00,0,1,M,2.93,176,177.5,02-Mar-1971,Pisces,04-Oct-2016,45,2,175,3,0,35,11,3.18
13,3,Paul Chowdhry,2.44,66,27,17.10%,5,386,13,2.60,19.70%,28,12,44.44%,2.33,2.14,42.42%,38,15,2.53,57.58%,4,9,2.25,0,-0.20,2.50,2.41,11,2.20,0,5,0.00%,16.67%,36.36%,24,4.80,0,1,M,2.93,176,177.5,21-Aug-1974,Leo,04-Oct-2016,42,3,173,3,3,26,11,2.36
14,3,Rob Beckett,3.22,87,27,22.54%,5,386,16,3.20,18.39%,36,12,44.44%,3.00,2.86,41.38%,51,15,3.40,58.62%,4,12,3.00,2,-0.40,3.23,3.23,16,3.20,2,5,40.00%,18.39%,36.78%,32,6.40,0,2,M,2.93,176,177.5,02-Jan-1986,Capricorn,04-Oct-2016,30,4,170,3,8,36,11,3.27
15,3,Sara Pascoe,2.67,72,27,18.65%,5,386,14,2.80,19.44%,35,12,44.44%,2.92,3.00,48.61%,37,15,2.47,51.39%,4,12,3.00,1,0.45,2.77,2.64,11,2.20,1,5,20.00%,15.28%,34.72%,25,5.00,0,0,F,2.93,176,177.5,22-May-1981,Gemini,04-Oct-2016,35,5,160,4,0,26,11,2.36
16,4,Hugh Dennis,2.87,129,45,19.31%,8,668,13,1.63,10.08%,47,20.5,45.56%,2.29,2.72,36.43%,82,24.5,3.35,63.57%,8,26,3.25,2,-1.05,2.86,3.14,23,2.88,1,8,12.50%,17.83%,27.91%,36,4.50,2,1,M,3.05,313,305,13-Feb-1962,Aquarius,25-Apr-2017,55,1,185,3,3,36,16,2.25
17,4,Joe Lycett,3.02,136,45,20.36%,8,668,24,3.00,17.65%,68,20.5,45.56%,3.32,3.52,50.00%,68,24.5,2.78,50.00%,8,24,3.00,1,0.54,3.05,3.03,23,2.88,2,8,25.00%,16.91%,34.56%,47,5.88,2,2,M,3.05,313,305,05-Jul-1988,Cancer,25-Apr-2017,28,2,184,3,9,47,16,2.94
18,4,Lolly Adefope,2.78,125,45,18.71%,8,668,34,4.25,27.20%,57,20.5,45.56%,2.78,1.84,45.60%,68,24.5,2.78,54.40%,8,28,3.50,2,0.00,2.89,2.46,18,2.25,1,8,12.50%,14.40%,41.60%,52,6.50,0,1,F,3.05,313,305,14-Sep-1990,Virgo,25-Apr-2017,26,3,163,6,0,52,16,3.25
19,4,Mel Giedroyc,2.98,134,45,20.06%,8,668,18,2.25,13.43%,60,20.5,45.56%,2.93,3.36,44.78%,74,24.5,3.02,55.22%,8,17,2.13,0,-0.09,2.89,3.14,27,3.38,4,8,50.00%,20.15%,33.58%,45,5.63,2,3,F,3.05,313,305,05-Jun-1968,Gemini,25-Apr-2017,48,4,166,3,1,45,16,2.81
20,4,Noel Fielding,3.20,144,45,21.56%,8,668,30,3.75,20.83%,81,20.5,45.56%,3.95,4.08,56.25%,63,24.5,2.57,43.75%,8,24,3.00,2,1.38,3.43,3.08,17,2.13,1,8,12.50%,11.81%,32.64%,47,5.88,3,1,M,3.05,313,305,21-Jun-1973,Cancer,25-Apr-2017,43,5,176,3,4,47,16,2.94
21,5,Aisling Bea,2.93,126,43,19.97%,8,631,26,3.25,20.63%,67,21,48.84%,3.19,3.15,53.17%,59,22,2.68,46.83%,7,10,1.43,0,0.51,2.83,2.86,27,3.38,4,8,50.00%,21.43%,42.06%,53,6.63,0,0,F,3.11,327,307.5,16-Mar-1984,Pisces,13-Sep-2017,33,1,170,3,4,53,16,3.31
22,5,Bob Mortimer,3.21,138,43,21.87%,8,631,25,3.13,18.12%,66,21,48.84%,3.14,3.15,47.83%,72,22,3.27,52.17%,7,30,4.29,4,-0.13,3.23,3.23,25,3.13,2,8,25.00%,18.12%,36.23%,50,6.25,0,3,M,3.11,327,307.5,23-May-1959,Gemini,13-Sep-2017,58,2,170,4,13,50,16,3.13
23,5,Mark Watson,3.02,130,43,20.60%,8,631,23,2.88,17.69%,61,21,48.84%,2.90,2.92,46.92%,69,22,3.14,53.08%,7,24,3.43,1,-0.23,2.89,3.06,29,3.63,3,8,37.50%,22.31%,40.00%,52,6.50,0,2,M,3.11,327,307.5,13-Feb-1980,Aquarius,13-Sep-2017,37,3,182,3,2,52,16,3.25
24,5,Nish Kumar,2.49,107,43,16.96%,8,631,17,2.13,15.89%,59,21,48.84%,2.81,3.23,55.14%,48,22,2.18,44.86%,7,14,2.00,1,0.63,2.43,2.57,22,2.75,1,8,12.50%,20.56%,36.45%,39,4.88,0,0,M,3.11,327,307.5,26-Aug-1985,Virgo,13-Sep-2017,32,4,175,3,5,39,16,2.44
25,5,Sally Phillips,3.02,130,43,20.60%,8,631,30,3.75,23.08%,74,21,48.84%,3.52,3.38,56.92%,56,22,2.55,43.08%,7,18,2.57,1,0.98,3.09,2.86,22,2.75,1,8,12.50%,16.92%,40.00%,52,6.50,0,3,F,3.11,327,307.5,10-May-1970,Taurus,13-Sep-2017,47,5,163,4,1,52,16,3.25
26,6,Alice Levine,2.71,152,56,18.16%,10,837,24,2.40,15.79%,66,25.5,45.54%,2.59,2.71,43.42%,86,30.5,2.82,56.58%,2,3,1.50,0,-0.23,2.72,2.78,27,2.70,3,10,30.00%,17.76%,33.55%,51,5.10,0,2,F,2.99,381,377.5,08-Jul-1986,Cancer,02-May-2018,31,1,170.2,4,0,51,20,2.55
27,6,Asim Chaudhry,2.84,159,56,19.00%,10,837,23,2.30,14.47%,66,25.5,45.54%,2.59,2.77,41.51%,93,30.5,3.05,58.49%,2,9,4.50,1,-0.46,2.89,2.96,26,2.60,1,10,10.00%,16.35%,30.82%,49,4.90,1,1,M,2.99,381,377.5,24-Nov-1987,Sagittarius,02-May-2018,30,2,171,4,24,49,20,2.45
28,6,Liza Tarbuck,3.23,181,56,21.62%,10,837,29,2.90,16.02%,91,25.5,45.54%,3.57,4.00,50.28%,90,30.5,2.95,49.72%,2,5,2.50,1,0.62,3.43,3.30,23,2.30,2,10,20.00%,12.71%,28.73%,52,5.20,0,2,F,2.99,381,377.5,21-Nov-1964,Scorpio,02-May-2018,53,3,172,4,1,52,20,2.60
29,6,Russell Howard,3.04,170,56,20.31%,10,837,30,3.00,17.65%,70,25.5,45.54%,2.75,2.58,41.18%,100,30.5,3.28,58.82%,2,8,4.00,1,-0.53,3.11,3.04,27,2.70,3,10,30.00%,15.88%,33.53%,57,5.70,1,3,M,2.99,381,377.5,23-Mar-1980,Aries,02-May-2018,38,4,172,4,28,57,20,2.85
30,6,Tim Vine,3.13,175,56,20.91%,10,837,38,3.80,21.71%,88,25.5,45.54%,3.45,3.23,50.29%,87,30.5,2.85,49.71%,2,8,4.00,1,0.60,3.30,2.98,23,2.30,0,10,0.00%,13.14%,34.86%,61,6.10,1,2,M,2.99,381,377.5,04-Mar-1967,Pisces,02-May-2018,51,5,188,2,2,61,20,3.05
31,7,James Acaster,3.06,165,54,20.22%,10,816,23,2.30,13.94%,74,25.5,47.22%,2.90,3.29,44.85%,91,28.5,3.19,55.15%,7,27,3.86,4,-0.29,3.16,3.23,26,2.60,2,9,22.22%,15.76%,29.70%,49,4.90,2,3,M,3.02,385,378.5,09-Jan-1985,Capricorn,05-Sep-2018,33,1,185,4,13,51,21,2.43
32,7,Jessica Knappett,3.24,175,54,21.45%,10,816,26,2.60,14.86%,83,26.5,49.07%,3.13,3.45,47.43%,92,27.5,3.35,52.57%,7,16,2.29,0,-0.21,3.25,3.39,32,3.20,2,9,22.22%,18.29%,33.14%,58,5.80,2,1,F,2.91,385,378.5,28-Nov-1984,Sagittarius,05-Sep-2018,33,2,181,5,6,61,21,2.90
33,7,Kerry Godliman,3.26,176,54,21.57%,10,816,33,3.30,18.75%,79,26.5,49.07%,2.98,2.79,44.89%,97,27.5,3.53,55.11%,7,20,2.86,1,-0.55,3.18,3.25,36,3.60,3,9,33.33%,20.45%,39.20%,69,6.90,0,3,F,2.91,385,378.5,17-Nov-1973,Scorpio,05-Sep-2018,44,3,160,5,4,71,21,3.38
34,7,Phil Wang,2.46,133,54,16.30%,10,816,30,3.00,22.56%,69,25.5,47.22%,2.71,2.52,51.88%,64,28.5,2.25,48.12%,7,13,1.86,1,0.46,2.52,2.34,22,2.20,0,9,0.00%,16.54%,39.10%,52,5.20,1,0,M,3.02,385,378.5,22-Jan-1990,Aquarius,05-Sep-2018,28,4,185,2,4,53,21,2.52
35,7,Rhod Gilbert,3.09,167,54,20.47%,10,816,28,2.80,16.77%,80,26.5,49.07%,3.02,3.15,47.90%,87,27.5,3.16,52.10%,7,17,2.43,0,-0.14,3.09,3.16,31,3.10,4,9,44.44%,18.56%,35.33%,59,5.90,1,3,M,2.91,385,378.5,18-Oct-1968,Libra,05-Sep-2018,49,5,183,3,9,60,21,2.86
36,8,Iain Stirling,2.94,156,53,20.83%,10,749,31,3.10,19.87%,73,22.5,42.45%,3.24,3.36,46.79%,83,30.5,2.72,53.21%,9,34,3.78,6,0.52,3.23,2.91,17,1.70,1,9,11.11%,10.90%,30.77%,48,4.80,0,3,M,3.06,344,332.5,27-Jan-1988,Aquarius,08-May-2019,31,1,188,4,12,48,20,2.40
37,8,Joe Thomas,2.83,150,53,20.03%,10,749,28,2.80,18.67%,65,22.5,42.45%,2.89,2.96,43.33%,85,30.5,2.79,56.67%,9,16,1.78,0,0.10,3.07,2.84,18,1.80,2,9,22.22%,12.00%,30.67%,46,4.60,3,1,M,3.06,344,332.5,28-Oct-1983,Scorpio,08-May-2019,35,2,175,3,13,46,20,2.30
38,8,Lou Sanders,3.09,164,53,21.90%,10,749,30,3.00,18.29%,69,22.5,42.45%,3.07,3.12,42.07%,95,30.5,3.11,57.93%,9,25,2.78,0,-0.05,3.12,3.12,30,3.00,4,9,44.44%,18.29%,36.59%,60,6.00,1,3,F,3.06,344,332.5,24-Nov-1985,Sagittarius,08-May-2019,33,3,172.7,3,2,60,20,3.00
39,8,Paul Sinha,2.57,136,53,18.16%,10,749,33,3.30,24.26%,69,22.5,42.45%,3.07,2.88,50.74%,67,30.5,2.20,49.26%,9,13,1.44,0,0.87,2.65,2.40,22,2.20,2,9,22.22%,16.18%,40.44%,55,5.50,1,1,M,3.06,344,332.5,28-May-1970,Gemini,08-May-2019,48,4,172.7,3,5,55,20,2.75
40,8,Sian Gibson,2.70,143,53,19.09%,10,749,32,3.20,22.38%,68,22.5,42.45%,3.02,2.88,47.55%,75,30.5,2.46,52.45%,9,24,2.67,1,0.56,3.00,2.58,14,1.40,1,9,11.11%,9.79%,32.17%,46,4.60,0,2,F,3.06,344,332.5,30-Jul-1976,Leo,08-May-2019,42,5,154,3,0,46,20,2.30
41,9,David Baddiel,2.56,128,50,16.71%,10,766,36,3.60,28.13%,84,27.5,55.00%,3.05,2.74,65.63%,44,22.5,1.96,34.38%,6,9,1.50,0,1.10,2.65,2.30,22,2.20,1,9,11.11%,17.19%,45.31%,58,5.80,0,1,M,3.27,450,402.5,28-May-1964,Gemini,04-Sep-2019,55,1,172,4,9,58,20,2.90
42,9,Ed Gamble,3.34,167,50,21.80%,10,766,32,3.20,19.16%,87,27.5,55.00%,3.16,3.14,52.10%,80,22.5,3.56,47.90%,6,25,4.17,4,-0.39,3.58,3.38,24,2.40,2,9,22.22%,14.37%,33.53%,56,5.60,0,4,M,3.27,450,402.5,10-Mar-1986,Pisces,04-Sep-2019,33,2,185,3,17,56,20,2.80
43,9,Jo Brand,3.08,154,50,20.10%,10,766,32,3.20,20.78%,93,27.5,55.00%,3.38,3.49,60.39%,61,22.5,2.71,39.61%,6,12,2.00,1,0.67,2.95,3.05,36,3.60,3,9,33.33%,23.38%,44.16%,68,6.80,1,1,F,3.27,450,402.5,23-Jul-1957,Leo,04-Sep-2019,62,3,162,2,15,68,20,3.40
44,9,Katy Wix,3.16,158,50,20.63%,10,766,34,3.40,21.52%,96,27.5,55.00%,3.49,3.54,60.76%,62,22.5,2.76,39.24%,6,10,1.67,1,0.74,3.18,3.10,31,3.10,3,9,33.33%,19.62%,41.14%,65,6.50,1,2,F,3.27,450,402.5,28-Feb-1980,Pisces,04-Sep-2019,39,4,172,3,3,65,20,3.25
45,9,Rose Matafeo,3.18,159,50,20.76%,10,766,24,2.40,15.09%,90,27.5,55.00%,3.27,3.77,56.60%,69,22.5,3.07,43.40%,6,14,2.33,2,0.21,3.13,3.38,34,3.40,3,9,33.33%,21.38%,36.48%,58,5.80,1,2,F,3.27,450,402.5,25-Feb-1992,Pisces,04-Sep-2019,27,5,178,5,10,58,20,2.90
46,10,Daisy May Cooper,3.10,158,51,21.70%,10,728,25,2.50,15.82%,54,20,39.22%,2.70,2.90,34.18%,104,31,3.35,65.82%,11,24,2.18,3,-0.65,2.98,3.24,36,3.60,2,7,28.57%,22.78%,38.61%,61,6.10,3,2,F,3.07,307,297.5,01-Aug-1986,Leo,15-Oct-2020,34,1,175,5,25,61,20,3.05
47,10,Johnny Vegas,2.73,139,51,19.09%,10,728,26,2.60,18.71%,64,20,39.22%,3.20,3.80,46.04%,75,31,2.42,53.96%,11,18,1.64,0,0.78,2.71,2.76,28,2.80,1,7,14.29%,20.14%,38.85%,54,5.40,0,1,M,3.07,307,297.5,05-Sep-1970,Virgo,15-Oct-2020,50,2,170,4,0,54,20,2.70
48,10,Katherine Parkinson,2.31,118,51,16.21%,10,728,30,3.00,25.42%,55,20,39.22%,2.75,2.50,46.61%,63,31,2.03,53.39%,11,22,2.00,3,0.72,2.34,2.15,22,2.20,0,7,0.00%,18.64%,44.07%,52,5.20,0,1,F,3.07,307,297.5,09-Mar-1978,Pisces,15-Oct-2020,42,3,168,5,11,52,20,2.60
49,10,Mawaan Rizwan,2.96,151,51,20.74%,10,728,39,3.90,25.83%,69,20,39.22%,3.45,3.00,45.70%,82,31,2.65,54.30%,11,25,2.27,2,0.80,2.95,2.73,30,3.00,0,7,0.00%,19.87%,45.70%,69,6.90,0,1,M,3.07,307,297.5,18-Aug-1992,Leo,15-Oct-2020,28,4,175.26,4,6,69,20,3.45
50,10,Richard Herring,3.18,162,51,22.25%,10,728,32,3.20,19.75%,65,20,39.22%,3.25,3.30,40.12%,97,31,3.13,59.88%,11,34,3.09,2,0.12,3.00,3.17,39,3.90,4,7,57.14%,24.07%,43.83%,71,7.10,2,5,M,3.07,307,297.5,12-Jul-1967,Cancer,15-Oct-2020,53,5,169,4,3,71,20,3.55
51,11,Charlotte Ritchie,2.50,125,50,17.24%,10,725,29,2.90,23.20%,64,23,46.00%,2.78,2.69,51.20%,61,27,2.26,48.80%,11,24,2.18,2,0.52,2.58,2.40,22,2.20,1,8,,17.60%,40.80%,51,5.10,0,2,F,3.10,356,340,23-Aug-1989,Virgo,18-Mar-2021,31,1,167.6,4,2,51,20,2.55
52,11,Jamali Maddix,2.74,137,50,18.90%,10,725,31,3.10,22.63%,67,23,46.00%,2.91,2.77,48.91%,70,27,2.59,51.09%,11,25,2.27,3,0.32,2.83,2.65,24,2.40,1,8,,17.52%,40.15%,55,5.50,0,1,M,3.10,356,340,08-Apr-1991,Taurus,18-Mar-2021,29,2,185,5,13,55,20,2.75
53,11,Lee Mack,3.02,151,50,20.83%,10,725,31,3.10,20.53%,73,23,46.00%,3.17,3.23,48.34%,78,27,2.89,51.66%,11,30,2.73,3,0.29,2.95,3.00,33,3.30,4,8,,21.85%,42.38%,64,6.40,0,3,M,3.10,356,340,04-Aug-1968,Leo,18-Mar-2021,52,3,183,2,1,64,20,3.20
54,11,Mike Wozniak,3.08,154,50,21.24%,10,725,35,3.50,22.73%,78,23,46.00%,3.39,3.31,50.65%,76,27,2.81,49.35%,11,25,2.27,1,0.58,3.13,2.98,29,2.90,1,8,,18.83%,41.56%,64,6.40,1,1,M,3.10,356,340,08-Nov-1979,Scorpio,18-Mar-2021,41,4,185,4,0,64,20,3.20
55,11,Sarah Kendall,3.16,158,50,21.79%,10,725,30,3.00,18.99%,74,23,46.00%,3.22,3.38,46.84%,84,27,3.11,53.16%,11,41,3.73,4,0.11,3.10,3.20,34,3.40,1,8,,21.52%,40.51%,64,6.40,0,3,F,3.10,356,340,03-Aug-1976,Leo,18-Mar-2021,44,5,172.5,4,9,64,20,3.20
56,12,Alan Davies,3.22,161,50,20.69%,10,778,38,3.80,23.60%,77,20.5,41.00%,3.76,3.71,47.83%,84,29.5,2.85,52.17%,13,36,2.77,2,0.37,3.40,3.08,25,2.50,1,8,,15.53%,39.13%,63,6.30,1,2,M,3.40,348,302.5,06-Mar-1966,Pisces,23-Sep-2021,55,1,180,4,1,63,20,3.15
57,12,Desiree Burch,3.22,161,50,20.69%,10,778,39,3.90,24.22%,75,20.5,41.00%,3.66,3.43,46.58%,86,29.5,2.92,53.42%,13,46,3.54,3,0.74,3.28,3.05,30,3.00,2,8,,18.63%,42.86%,69,6.90,0,2,F,3.40,348,302.5,26-Jan-1979,Aquarius,23-Sep-2021,42,2,170,3,8,69,20,3.45
58,12,Guz Khan,3.34,167,50,21.47%,10,778,32,3.20,19.16%,77,20.5,41.00%,3.22,4.29,46.11%,90,29.5,3.05,53.89%,13,35,2.69,1,0.17,3.13,3.38,42,4.20,4,8,50.00%,25.15%,44.31%,74,7.40,5,4,M,3.40,348,302.5,24-Jan-1986,Aquarius,23-Sep-2021,35,3,180.3,2,3,74,20,3.70
59,12,Morgana Robinson,3.36,168,50,21.59%,10,778,21,2.10,12.50%,66,20.5,41.00%,3.22,4.29,39.29%,102,29.5,3.46,60.71%,13,44,3.38,4,-0.24,3.28,3.68,37,3.70,4,8,50.00%,22.02%,34.52%,58,5.80,9,1,F,3.40,348,302.5,07-May-1982,Taurus,23-Sep-2021,39,4,175,6,10,58,20,2.90
60,12,Victoria Coren Mitchell,2.42,121,50,15.55%,10,778,21,2.10,17.36%,53,20.5,41.00%,2.59,3.05,43.80%,68,29.5,2.31,56.20%,13,31,2.38,2,0.28,2.48,2.50,22,2.20,1,8,,18.18%,35.54%,43,4.30,0,1,F,3.40,348,302.5,18-Aug-1972,Leo,23-Sep-2021,49,5,160,8,1,43,20,2.15
61,13,Ardal O'Hanlon,3.06,153,50,19.25%,10,795,38,3.80,24.84%,74,21.5,43.00%,3.44,3.13,48.37%,79,28.5,2.77,51.63%,8,18,2.25,1,0.67,3.13,2.88,28,2.80,1,8,,18.30%,43.14%,66,6.60,1,2,M,3.38,363,317.5,08-Oct-1965,Libra,14-Apr-2022,56,1,175,5,1,66,20,3.30
62,13,Bridget Christie,3.14,157,50,19.75%,10,795,36,3.60,22.93%,80,21.5,43.00%,3.72,3.83,50.96%,77,28.5,2.70,49.04%,8,26,3.25,3,1.02,3.10,3.03,33,3.30,4,8,,21.02%,43.95%,69,6.90,1,2,F,3.38,363,317.5,17-Aug-1971,Leo,14-Apr-2022,50,2,169,4,3,69,20,3.45
63,13,Chris Ramsey,3.40,170,50,21.38%,10,795,27,2.70,15.88%,72,21.5,43.00%,3.35,3.91,42.35%,98,28.5,3.44,57.65%,8,26,3.25,2,-0.09,3.55,3.58,28,2.80,2,8,,16.47%,32.35%,55,5.50,0,3,M,3.38,363,317.5,03-Aug-1986,Leo,14-Apr-2022,35,3,178,3,6,55,20,2.75
64,13,Judi Love,2.84,142,50,17.86%,10,795,26,2.60,18.31%,63,21.5,43.00%,2.93,3.22,44.37%,79,28.5,2.77,55.63%,8,24,3.00,2,0.16,2.98,2.90,23,2.30,0,8,,16.20%,34.51%,49,4.90,1,0,F,3.38,363,317.5,04-Jun-1980,Gemini,14-Apr-2022,41,4,167,3,3,49,20,2.45
65,13,Sophie Duker,3.46,173,50,21.76%,10,795,31,3.10,17.92%,72,21.5,43.00%,3.35,3.57,41.62%,101,28.5,3.54,58.38%,8,28,3.50,3,-0.20,3.45,3.55,35,3.50,2,8,,20.23%,38.15%,66,6.60,1,3,F,3.38,363,317.5,31-Jan-1990,Aquarius,14-Apr-2022,32,5,167,4,0,66,20,3.30
66,14,Dara Ó Briain,3.68,184,50,23.12%,10,796,34,3.40,18.48%,69,19,38.00%,3.63,3.89,37.50%,115,31,3.71,62.50%,5,14,2.80,2,-0.08,3.53,3.75,43,4.30,6,7,85.71%,23.37%,41.85%,77,7.70,2,3,M,3.25,309,292.5,04-Feb-1972,Aquarius,29-Sep-2022,50,1,195,5,2,77,20,3.85
67,14,Fern Brady,2.88,144,50,18.09%,10,796,29,2.90,20.14%,69,19,38.00%,3.63,4.44,47.92%,75,31,2.42,52.08%,5,9,1.80,0,1.21,2.85,2.88,30,3.00,1,7,,20.83%,40.97%,59,5.90,0,1,F,3.25,309,292.5,26-May-1986,Gemini,29-Sep-2022,36,2,172,3,5,59,20,2.95
68,14,John Kearns,2.88,144,50,18.09%,10,796,26,2.60,18.06%,59,19,38.00%,3.11,3.67,40.97%,85,31,2.74,59.03%,5,5,1.00,0,0.36,2.95,2.95,26,2.60,1,7,,18.06%,36.11%,52,5.20,6,2,M,3.25,309,292.5,10-Apr-1987,Aries,29-Sep-2022,35,3,179,2,22,52,20,2.60
69,14,Munya Chawawa,3.00,150,50,18.84%,10,796,22,2.20,14.67%,52,19,38.00%,2.74,3.33,34.67%,98,31,3.16,65.33%,5,12,2.40,1,-0.42,2.95,3.20,32,3.20,1,7,,21.33%,36.00%,54,5.40,1,1,M,3.25,309,292.5,29-Dec-1992,Capricorn,29-Sep-2022,29,4,170.2,5,0,54,20,2.70
70,14,Sarah Millican,3.48,174,50,21.86%,10,796,32,3.20,18.39%,71,19,38.00%,3.74,4.33,40.80%,103,31,3.32,59.20%,5,16,3.20,2,0.41,3.53,3.55,33,3.30,2,7,,18.97%,37.36%,65,6.50,0,3,F,3.25,309,292.5,29-May-1975,Gemini,29-Sep-2022,47,5,170,5,5,65,20,3.25
71,15,Frankie Boyle,3.00,150,50,19.61%,10,765,37,3.70,24.67%,76,22,44.00%,3.45,3.25,50.67%,74,28,2.64,49.33%,4,10,2.50,1,0.81,3.23,2.83,21,2.10,2,8,25.00%,14.00%,38.67%,58,5.80,0,0,M,3.35,368,322.5,16-Aug-1972,Leo,30-Mar-2023,50,1,183,3,13,58,20,2.90
72,15,Ivo Graham,2.62,131,50,17.12%,10,765,29,2.90,22.14%,69,22,44.00%,3.14,3.33,52.67%,62,28,2.21,47.33%,4,2,0.50,0,0.92,2.75,2.55,21,2.10,1,8,12.50%,16.03%,38.17%,50,5.00,0,2,M,3.35,368,322.5,05-Sep-1990,Virgo,30-Mar-2023,32,2,170,4,2,50,20,2.50
73,15,Jenny Eclair,3.04,152,50,19.87%,10,765,30,3.00,19.74%,67,22,44.00%,3.05,3.08,44.08%,85,28,3.04,55.92%,4,9,2.25,1,0.01,2.83,3.05,39,3.90,3,8,37.50%,25.66%,45.39%,69,6.90,0,2,F,3.35,368,322.5,16-Mar-1960,Pisces,30-Mar-2023,63,3,162.6,4,16,69,20,3.45
74,15,Kiell Smith-Bynoe,3.16,158,50,20.65%,10,765,35,3.50,22.15%,77,22,44.00%,3.50,3.50,48.73%,81,28,2.89,51.27%,4,12,3.00,1,0.61,3.28,3.08,27,2.70,2,8,25.00%,17.09%,39.24%,62,6.20,1,3,M,3.35,368,322.5,05-Mar-1989,Pisces,30-Mar-2023,34,4,183,5,6,62,20,3.10
75,15,Mae Martin,3.48,174,50,22.75%,10,765,30,3.00,17.24%,79,22,44.00%,3.59,4.08,45.40%,95,28,3.39,54.60%,4,15,3.75,3,0.20,3.48,3.60,35,3.50,2,8,25.00%,20.11%,37.36%,65,6.50,0,3,NB,3.35,368,322.5,02-May-1987,Taurus,30-Mar-2023,35,5,167,3,6,65,20,3.25
76,16,Julian Clary,3.10,155,50,21.50%,10,721,35,3.50,22.58%,77,23,46.00%,3.35,3.23,49.68%,78,27,2.89,50.32%,11,39,3.55,7,0.46,3.03,3.00,34,3.40,4,8,50.00%,21.94%,44.52%,69,6.90,0,2,M,3.18,366,342.5,25-May-1959,Gemini,21-Sep-2023,64,1,189,5,1,73,21,3.48
77,16,Lucy Beaumont,2.58,129,50,17.89%,10,721,27,2.70,20.93%,60,23,46.00%,2.61,2.54,46.51%,69,27,2.56,53.49%,11,25,2.27,2,0.05,2.48,2.55,30,3.00,1,8,12.50%,23.26%,44.19%,57,5.70,0,2,F,3.18,366,342.5,10-Aug-1983,Leo,21-Sep-2023,40,2,154.9,4,6,61,21,2.90
78,16,Sam Campbell,3.22,161,50,22.33%,10,721,28,2.80,17.39%,72,23,46.00%,3.13,3.38,44.72%,89,27,3.30,55.28%,11,36,3.27,2,-0.17,3.10,3.33,37,3.70,3,8,37.50%,22.98%,40.37%,65,6.50,0,2,M,3.18,366,342.5,19-Sep-1992,Virgo,21-Sep-2023,31,3,171,3,6,67,21,3.19
79,16,Sue Perkins,2.74,137,50,19.00%,10,721,36,3.60,26.28%,84,23,46.00%,3.65,3.69,61.31%,53,27,1.96,38.69%,11,18,1.64,1,1.69,2.75,2.53,27,2.70,1,8,12.50%,19.71%,45.99%,63,6.30,0,3,F,3.18,366,342.5,22-Sep-1969,Virgo,21-Sep-2023,53,4,166,3,1,68,21,3.24
80,16,Susan Wokoma,2.78,139,50,19.28%,10,721,28,2.80,20.14%,74,23,46.00%,3.22,3.54,53.24%,65,27,2.41,46.76%,11,31,2.82,2,0.81,2.80,2.78,27,2.70,2,8,25.00%,19.42%,39.57%,55,5.50,0,1,F,3.18,366,342.5,31-Dec-1987,Capricorn,21-Sep-2023,35,5,163,5,2,58,21,2.76
81,17,Joanne McNally,3.42,171,50,21.62%,10,791,30,3.00,17.54%,83,26,52.00%,3.19,3.31,48.54%,88,24,3.67,51.46%,8,29,3.63,4,-0.47,3.45,3.53,33,3.30,3,8,37.50%,19.30%,36.84%,63,6.30,3,1,F,3.22,419,382.5,07-May-1983,Taurus,28-Mar-2024,40,1,171.7,5,17,63,20,3.15
82,17,John Robins,3.84,192,50,24.27%,10,791,32,3.20,16.67%,95,26,52.00%,3.65,3.94,49.48%,97,24,4.04,50.52%,8,28,3.50,2,-0.39,3.83,4.00,39,3.90,2,8,25.00%,20.31%,36.98%,71,7.10,3,5,M,3.22,419,382.5,04-May-1982,Taurus,28-Mar-2024,41,2,180,3,7,71,20,3.55
83,17,Nick Mohammed,2.62,131,50,16.56%,10,791,26,2.60,19.85%,75,26,52.00%,2.88,3.06,57.25%,56,24,2.33,42.75%,8,15,1.88,1,0.55,2.65,2.63,25,2.50,1,8,12.50%,19.08%,38.93%,51,5.10,2,1,M,3.22,419,382.5,04-Oct-1980,Libra,28-Mar-2024,43,3,164,4,0,51,20,2.55
84,17,Sophie Willan,2.88,144,50,18.20%,10,791,27,2.70,18.75%,74,26,52.00%,2.85,2.94,51.39%,70,24,2.92,48.61%,8,21,2.63,2,-0.07,2.90,2.93,28,2.80,1,8,12.50%,19.44%,38.19%,55,5.50,3,1,F,3.22,419,382.5,21-Oct-1987,Libra,28-Mar-2024,36,4,162.56,4,14,55,20,2.75
85,17,Steve Pemberton,3.06,153,50,19.34%,10,791,39,3.90,25.49%,93,26,52.00%,3.58,3.38,60.78%,60,24,2.50,39.22%,8,20,2.50,2,1.08,3.20,2.85,25,2.50,1,8,12.50%,16.34%,41.83%,64,6.40,2,2,M,3.22,419,382.5,01-Sep-1967,Virgo,28-Mar-2024,56,5,175,4,5,64,20,3.20
86,18,Andy Zaltzman,3.20,160,50,21.25%,10,753,38,3.80,23.75%,71,20,40.00%,3.55,3.30,44.38%,89,30,2.97,55.63%,11,40,3.64,4,0.58,3.38,3.05,25,2.50,3,8,37.50%,15.63%,39.38%,63,6.30,0,3,M,3.24,324,295,06-Oct-1974,Libra,12-Sep-2024,49,1,178,4,7,,,
87,18,Babatunde Aléshé,2.94,147,50,19.52%,10,753,23,2.30,15.65%,56,20,40.00%,2.80,3.30,38.10%,91,30,3.03,61.90%,11,38,3.45,4,-0.23,3.15,3.10,21,2.10,1,8,12.50%,14.29%,29.93%,44,4.40,5,1,M,3.24,324,295,02-Aug-1986,Leo,12-Sep-2024,38,2,171,7,0,,,
88,18,Emma Sidi,3.04,152,50,20.19%,10,753,35,3.50,23.03%,64,20,40.00%,3.20,2.90,42.11%,88,30,2.93,57.89%,11,37,3.36,5,0.27,3.30,2.93,20,2.00,0,8,0.00%,13.16%,36.18%,55,5.50,1,4,F,3.24,324,295,05-Feb-1991,Aquarius,12-Sep-2024,33,3,167,4,7,,,
89,18,Jack Dee,3.14,157,50,20.85%,10,753,30,3.00,19.11%,67,20,40.00%,3.35,3.70,42.68%,90,30,3.00,57.32%,11,30,2.73,2,0.35,3.23,3.18,28,2.80,3,8,37.50%,17.83%,36.94%,58,5.80,4,1,M,3.24,324,295,24-Sep-1961,Virgo,12-Sep-2024,62,4,169,2,1,,,
90,18,Rosie Jones,2.74,137,50,18.19%,10,753,36,3.60,26.28%,66,20,40.00%,3.30,3.00,48.18%,71,30,2.37,51.82%,11,28,2.55,0,0.93,2.95,2.53,19,1.90,1,8,12.50%,13.87%,40.15%,55,5.50,0,1,F,3.24,324,295,24-Jun-1990,Cancer,12-Sep-2024,34,5,164,3,16,,,
91,19,Fatiha El-Ghorri,2.82,141,50,18.48%,10,763,23,2.30,16.31%,60,23,46.00%,2.61,2.85,42.55%,81,27,3.00,57.45%,10,40,4.00,5,-0.39,2.90,2.95,25,2.50,1,7,14.29%,17.73%,34.04%,48,4.80,0,1,F,3.15,362,345,19-Apr-1981,Aries,1-May-2025,44,1,165,6,5,,,
92,19,Jason Mantzoukas,3.00,150,50,19.66%,10,763,37,3.70,24.67%,79,23,46.00%,3.43,3.23,52.67%,71,27,2.63,47.33%,10,20,2.00,1,0.81,3.03,2.83,29,2.90,2,7,28.57%,19.33%,44.00%,66,6.60,1,2,M,3.15,362,345,18-Dec-1972,Sagittarius,1-May-2025,52,2,178,5,15,,,
93,19,Mathew Baynton,3.38,169,50,22.15%,10,763,37,3.70,21.89%,86,23,46.00%,3.74,3.77,50.89%,83,27,3.07,49.11%,10,36,3.60,3,0.67,3.40,3.30,33,3.30,1,7,14.29%,19.53%,41.42%,70,7.00,0,4,M,3.15,362,345,18-Nov-1980,Scorpio,1-May-2025,44,3,178,4,7,,,
94,19,Rosie Ramsey,2.98,149,50,19.53%,10,763,26,2.60,17.45%,63,23,46.00%,2.74,2.85,42.28%,86,27,3.19,57.72%,10,31,3.10,3,-0.45,3.00,3.08,29,2.90,0,7,0.00%,19.46%,36.91%,55,5.50,0,1,F,3.15,362,345,30-Aug-1986,Virgo,1-May-2025,38,4,164,4,6,,,
95,19,Stevie Martin,3.08,154,50,20.18%,10,763,28,2.80,18.18%,74,23,46.00%,3.22,3.54,48.05%,80,27,2.96,51.95%,10,29,2.90,3,0.25,3.00,3.15,34,3.40,3,7,42.86%,22.08%,40.26%,62,6.20,0,2,F,3.15,362,345,12-May-1988,Taurus,1-May-2025,36,5,173,4,19,,,
96,20,Ania Magliano,3.02,151,50,20.30%,10,744,34,3.40,22.52%,83,24,48.00%,3.46,3.50,54.97%,68,26,2.62,45.03%,6,21,3.50,2,0.84,3.15,2.93,25,2.50,4,9,44.44%,16.56%,39.07%,59,5.90,0,2,F,3.34,401,350,17-Feb-1998,Aquarius,11-Sep-2025,27,1,168,5,5,,,
97,20,Maisie Adam,3.02,151,50,20.30%,10,744,41,4.10,27.15%,79,24,48.00%,3.29,2.71,52.32%,72,26,2.77,47.68%,6,19,3.17,2,0.52,3.15,2.75,25,2.50,1,9,11.11%,16.56%,43.71%,66,6.60,1,3,F,3.34,401,350,24-Jan-1994,Aquarius,11-Sep-2025,31,2,180,4,21,,,
98,20,Phil Ellis,3.02,151,50,20.30%,10,744,27,2.70,17.88%,76,24,48.00%,3.17,3.50,50.33%,75,26,2.88,49.67%,6,15,2.50,0,0.28,3.13,3.10,26,2.60,2,9,22.22%,17.22%,35.10%,53,5.30,0,3,M,3.34,401,350,01-Jan-1981,NA,11-Sep-2025,44,3,176,3,9,,,
99,20,Reece Shearsmith,2.96,148,50,19.89%,10,744,32,3.20,21.62%,89,24,48.00%,3.71,4.07,60.14%,59,26,2.27,39.86%,6,14,2.33,1,1.44,2.90,2.90,32,3.20,1,9,11.11%,21.62%,43.24%,64,6.40,6,1,M,3.34,401,350,27-Aug-1969,Virgo,11-Sep-2025,56,4,169,3,4,,,
100,20,Sanjeev Bhaskar,2.86,143,50,19.22%,10,744,29,2.90,20.28%,76,24,48.00%,3.17,3.36,53.15%,67,26,2.58,46.85%,6,19,3.17,2,0.59,3.08,2.85,20,2.00,0,9,0.00%,13.99%,34.27%,49,4.90,1,0,M,3.34,401,350,31-Oct-1963,Scorpio,11-Sep-2025,61,5,165,4,1,,,
,21,Amy Gledhill,,,,,,,,,,,,,,,,,,,,,,,,,,,,,,,,,,,,,,,,,,03-Nov-1987,Scorpio,1-May-2026,38,1,168,4,,,,
,21,Armando Iannucci,,,,,,,,,,,,,,,,,,,,,,,,,,,,,,,,,,,,,,,,,,28-Nov-1963,Sagittarius,1-May-2026,62,2,165,7,,,,
,21,Joanna Page,,,,,,,,,,,,,,,,,,,,,,,,,,,,,,,,,,,,,,,,,,23-Mar-1977,Aries,1-May-2026,49,3,158,4,,,,
,21,Joel Dommett,,,,,,,,,,,,,,,,,,,,,,,,,,,,,,,,,,,,,,,,,,08-Jun-1985,Gemini,1-May-2026,40,4,182,3,,,,
,21,Kumail Nanjiani,,,,,,,,,,,,,,,,,,,,,,,,,,,,,,,,,,,,,,,,,,02-May-1978,Taurus,1-May-2026,47,5,174,6,,,,